<?xml version="1.0" encoding="UTF-8"?>
<project-private xmlns="http://www.netbeans.org/ns/project-private/1">
    <editor-bookmarks xmlns="http://www.netbeans.org/ns/editor-bookmarks/2" lastBookmarkId="0"/>
    <open-files xmlns="http://www.netbeans.org/ns/projectui-open-files/2">
        <group>
            <file>file:/E:/kuliahh/Transaksi/src/transaksi/frmTransaksi.java</file>
            <file>file:/E:/kuliahh/Transaksi/src/transaksi/frmBarang.java</file>
            <file>file:/E:/kuliahh/Transaksi/src/transaksi/frmMenu.java</file>
            <file>file:/E:/kuliahh/Transaksi/src/transaksi/frmKonsumen.java</file>
            <file>file:/E:/kuliahh/Transaksi/src/transaksi/KoneksiMysql.java</file>
            <file>file:/E:/kuliahh/Transaksi/src/transaksi/frmSelectBarang.java</file>
            <file>file:/E:/kuliahh/Transaksi/src/transaksi/Transaksi.java</file>
            <file>file:/E:/kuliahh/Transaksi/src/transaksi/frmLogin.java</file>
        </group>
    </open-files>
</project-private>
